{"/home/aditya/HQ8_Challenges/Challenge_5_MarkingOnTheBook/.mozilla/firefox/p80q4so2.default-release/places.sqlite": [{"0-Title": "", "1-URL": "https://www.mozilla.org/privacy/firefox/", "2-Creation Time": "2023-11-05 17:07:53", "3-Last Modified": "2023-11-05 17:17:34"}, {"0-Title": "menu", "1-URL": "https://www.mozilla.org/en-US/privacy/firefox/", "2-Creation Time": "2023-11-05 17:07:53", "3-Last Modified": "2023-11-05 17:07:54"}, {"0-Title": "toolbar", "1-URL": "https://support.mozilla.org/products/firefox", "2-Creation Time": "2023-11-05 17:07:53", "3-Last Modified": "2023-11-05 17:17:34"}, {"0-Title": "tags", "1-URL": "https://support.mozilla.org/kb/customize-firefox-controls-buttons-and-toolbars?utm_source=firefox-browser&utm_medium=default-bookmarks&utm_campaign=customize", "2-Creation Time": "2023-11-05 17:07:53", "3-Last Modified": "2023-11-05 17:07:53"}, {"0-Title": "unfiled", "1-URL": "https://www.mozilla.org/contribute/", "2-Creation Time": "2023-11-05 17:07:53", "3-Last Modified": "2023-11-05 17:07:54"}, {"0-Title": "mobile", "1-URL": "https://www.mozilla.org/about/", "2-Creation Time": "2023-11-05 17:07:53", "3-Last Modified": "2023-11-05 17:07:54"}, {"0-Title": "Mozilla Firefox", "1-URL": "http://www.ubuntu.com/", "2-Creation Time": "2023-11-05 17:07:54", "3-Last Modified": "2023-11-05 17:07:54"}, {"0-Title": "Get Help", "1-URL": "http://wiki.ubuntu.com/", "2-Creation Time": "2023-11-05 17:07:54", "3-Last Modified": "2023-11-05 17:07:54"}, {"0-Title": "Customize Firefox", "1-URL": "https://answers.launchpad.net/ubuntu/+addquestion", "2-Creation Time": "2023-11-05 17:07:54", "3-Last Modified": "2023-11-05 17:07:54"}, {"0-Title": "Get Involved", "1-URL": "http://www.debian.org/", "2-Creation Time": "2023-11-05 17:07:54", "3-Last Modified": "2023-11-05 17:07:54"}, {"0-Title": "About Us", "1-URL": "https://www.mozilla.org/firefox/?utm_medium=firefox-desktop&utm_source=bookmarks-toolbar&utm_campaign=new-users&utm_content=-global", "2-Creation Time": "2023-11-05 17:07:54", "3-Last Modified": "2023-11-05 17:07:54"}, {"0-Title": "Ubuntu and Free Software links", "1-URL": "https://www.wikipedia.org/", "2-Creation Time": "2023-11-05 17:07:54", "3-Last Modified": "2023-11-05 17:07:54"}, {"0-Title": "Ubuntu", "1-URL": "https://www.youtube.com/", "2-Creation Time": "2023-11-05 17:07:54", "3-Last Modified": "2023-11-05 17:07:54"}, {"0-Title": "Ubuntu Wiki (community-edited website)", "1-URL": "https://www.youtube.com/results?search_query=never+gonna+give+you+up", "2-Creation Time": "2023-11-05 17:07:54", "3-Last Modified": "2023-11-05 17:07:54"}, {"0-Title": "Make a Support Request to the Ubuntu Community", "1-URL": "https://pastebin.com/fzM4cMPW", "2-Creation Time": "2023-11-05 17:07:54", "3-Last Modified": "2023-11-05 17:07:54"}, {"0-Title": "Debian (Ubuntu is based on Debian)", "1-URL": "https://www.google.com/search?channel=fs&client=ubuntu&q=hackquest+8", "2-Creation Time": "2023-11-05 17:07:54", "3-Last Modified": "2023-11-05 17:07:54"}, {"0-Title": "Getting Started", "1-URL": "https://www.google.com/search?channel=fs&client=ubuntu&q=cyberchef", "2-Creation Time": "2023-11-05 17:07:54", "3-Last Modified": "2023-11-05 17:07:54"}, {"0-Title": "Exploit-Db", "1-URL": "https://www.google.com/url?sa=t&rct=j&q=&esrc=s&source=web&cd=&ved=2ahUKEwi828Xc5KyCAxVs1jgGHZyRBQQQFnoECAgQAQ&url=https%3A%2F%2Fgchq.github.io%2FCyberChef%2F&usg=AOvVaw3cJhXGWs_4gKkmjmhQLSNC&opi=89978449", "2-Creation Time": "2023-11-05 17:11:33", "3-Last Modified": "2023-11-05 17:11:49"}, {"0-Title": "CyberChefFlag", "1-URL": "https://gchq.github.io/CyberChef/", "2-Creation Time": "2023-11-05 17:17:34", "3-Last Modified": "2023-11-05 17:17:38"}]}