{"/home/aditya/HQ8_Challenges/Challenge_5_MarkingOnTheBook/.mozilla/firefox/p80q4so2.default-release/cookies.sqlite": [{"1-Host": "www.wikipedia.org", "2-Name": "WMF-Last-Access", "3-Value": "05-Nov-2023", "4-Path": "/", "5-Expiry": "2023-12-07 05:30:00", "6-Last Access": "2023-11-05 17:08:37", "7-Creation Time": "2023-11-05 17:08:37", "8-Secure": "Yes", "9-HttpOnly": "Yes"}, {"1-Host": ".wikipedia.org", "2-Name": "WMF-Last-Access-Global", "3-Value": "05-Nov-2023", "4-Path": "/", "5-Expiry": "2023-12-07 05:30:00", "6-Last Access": "2023-11-05 17:08:37", "7-Creation Time": "2023-11-05 17:08:37", "8-Secure": "Yes", "9-HttpOnly": "Yes"}, {"1-Host": "www.wikipedia.org", "2-Name": "NetworkProbeLimit", "3-Value": "0.001", "4-Path": "/", "5-Expiry": "2023-11-05 18:08:40", "6-Last Access": "2023-11-05 17:08:40", "7-Creation Time": "2023-11-05 17:08:37", "8-Secure": "Yes", "9-HttpOnly": "No"}, {"1-Host": ".youtube.com", "2-Name": "GPS", "3-Value": "1", "4-Path": "/", "5-Expiry": "2023-11-05 17:40:15", "6-Last Access": "2023-11-05 17:17:46", "7-Creation Time": "2023-11-05 17:10:15", "8-Secure": "Yes", "9-HttpOnly": "Yes"}, {"1-Host": ".youtube.com", "2-Name": "VISITOR_INFO1_LIVE", "3-Value": "dnkMVZG2z-M", "4-Path": "/", "5-Expiry": "2024-05-03 17:10:15", "6-Last Access": "2023-11-05 17:17:46", "7-Creation Time": "2023-11-05 17:10:15", "8-Secure": "Yes", "9-HttpOnly": "Yes"}, {"1-Host": ".youtube.com", "2-Name": "VISITOR_PRIVACY_METADATA", "3-Value": "CgJJThICGgA%3D", "4-Path": "/", "5-Expiry": "2024-05-03 17:10:15", "6-Last Access": "2023-11-05 17:17:46", "7-Creation Time": "2023-11-05 17:10:15", "8-Secure": "Yes", "9-HttpOnly": "Yes"}, {"1-Host": "accounts.google.com", "2-Name": "__Host-GAPS", "3-Value": "1:pSocrTrDsAMwMiBWNDeTa64SyOmIbg:-7z5BfmhIIlUNN72", "4-Path": "/", "5-Expiry": "2025-11-04 17:10:16", "6-Last Access": "2023-11-05 17:10:16", "7-Creation Time": "2023-11-05 17:10:16", "8-Secure": "Yes", "9-HttpOnly": "Yes"}, {"1-Host": ".google.com", "2-Name": "NID", "3-Value": "511=KU5OFCXJdmxFVrgWix3HtEdR8jv5eDfmJ68j-wGjbeYb8x8hDFq3Pprgze0p8fevUtWZoPO2njfTNCF1fkfqcfxUdc0Y-WGkeqxyOGmVbTjks8mOjaWjZCf_Bg1xYBV8BaELNx89uBcMilaikf21Rk3GEyleZiHWMk6qUS2sNDM", "4-Path": "/", "5-Expiry": "2024-05-06 17:10:17", "6-Last Access": "2023-11-05 17:10:17", "7-Creation Time": "2023-11-05 17:10:17", "8-Secure": "Yes", "9-HttpOnly": "Yes"}, {"1-Host": ".google.co.in", "2-Name": "NID", "3-Value": "511=Z1GjqIPrur-bhyHHr9eUCfK7lYwBtAqXCtAu_qqwiQyBJkJkCtEwR6aloNF67tmTrqWTIBWMA3oix5sV3rm95H4oy3ID_plk80d9qD__OVG5EcDdga_vwCxyz4SGDSvcQ1uJe8ePYx3gvuwJkn9xWZSR09udcdFOKZfR08hT3NY", "4-Path": "/", "5-Expiry": "2024-05-06 17:10:18", "6-Last Access": "2023-11-05 17:10:18", "7-Creation Time": "2023-11-05 17:10:18", "8-Secure": "Yes", "9-HttpOnly": "Yes"}, {"1-Host": ".youtube.com", "2-Name": "PREF", "3-Value": "tz=America.Los_Angeles", "4-Path": "/", "5-Expiry": "2025-11-04 17:10:24", "6-Last Access": "2023-11-05 17:17:46", "7-Creation Time": "2023-11-05 17:10:16", "8-Secure": "Yes", "9-HttpOnly": "No"}, {"1-Host": ".youtube.com", "2-Name": "ST-1iqn0fw", "3-Value": "oq=never&gs_l=youtube.3.0.0i512i433k1l2j0i512i433i131k1j0i512k1j0i512i433k1l4j0i650i433i131k1j0i512i433k1l3j0i650i433i131k1j0i512i433k1.1594.5561.0.7514.16.15.1.0.0.0.503.1894.2-4j1j0j1.7.0.uqapsniupec1%2Cytpso-bo-me%3D0%2Cytpsoso-bo-me%3D0%2Cytpso-bo-bro-mi%3D24585433%2Cytpsoso-bo-bro-mi%3D24585433%2Cytpso-tn%3D1%2Cytpso-mn%3D10%2Ccfro%3D1%2Cytpso-bo-me%3D1%2Cytpso-bo-bro-mi%3D51049368%2Cytpso-tn%3D1%2Cytpso-mn%3D10%2Cytpsoso-bo-me%3D1%2Cytpsoso-bo-bro-mi%3D51049368...0...1ac.1.64.youtube..9.6.1503.0...444.f7KfCH-PzME&itct=CA0Q7VAiEwiOxeCb46yCAxWd_kwCHUnsDG8%3D&csn=MC43NjcxODY2MjEwMjIwOTgx&endpoint=%7B%22clickTrackingParams%22%3A%22CA0Q7VAiEwiOxeCb46yCAxWd_kwCHUnsDG8%3D%22%2C%22commandMetadata%22%3A%7B%22webCommandMetadata%22%3A%7B%22url%22%3A%22%2Fresults%3Fsearch_query%3Dnever%2Bgonna%2Bgive%2Byou%2Bup%22%2C%22webPageType%22%3A%22WEB_PAGE_TYPE_SEARCH%22%2C%22rootVe%22%3A4724%7D%7D%2C%22searchEndpoint%22%3A%7B%22query%22%3A%22never%20gonna%20give%20you%20up%22%7D%7D", "4-Path": "/", "5-Expiry": "2023-11-05 17:10:32", "6-Last Access": "2023-11-05 17:10:27", "7-Creation Time": "2023-11-05 17:10:27", "8-Secure": "No", "9-HttpOnly": "No"}, {"1-Host": ".pastebin.com", "2-Name": "_ga", "3-Value": "GA1.1.1275514828.1699184489", "4-Path": "/", "5-Expiry": "2025-11-04 17:11:29", "6-Last Access": "2023-11-05 17:11:29", "7-Creation Time": "2023-11-05 17:11:29", "8-Secure": "No", "9-HttpOnly": "No"}, {"1-Host": "pastebin.com", "2-Name": "__ppIdCC", "3-Value": "pwatevib_xon210..18448.10.", "4-Path": "/", "5-Expiry": "2024-01-04 17:11:29", "6-Last Access": "2023-11-05 17:11:29", "7-Creation Time": "2023-11-05 17:11:29", "8-Secure": "No", "9-HttpOnly": "No"}, {"1-Host": "pastebin.com", "2-Name": "sf_ck_tst", "3-Value": "test", "4-Path": "/", "5-Expiry": "2023-11-05 17:11:30", "6-Last Access": "2023-11-05 17:11:29", "7-Creation Time": "2023-11-05 17:11:29", "8-Secure": "No", "9-HttpOnly": "No"}, {"1-Host": ".script.ac", "2-Name": "__cf_bm", "3-Value": "pzPZBMUeYKDXd85is2rLKLeZU0dGQ0a3N5xHTl2cEhw-1699184490-0-AdTh5TSvRNLrAGPQDe4Q6PjZzcCMUMKCqgctYWDO/UGB04Cx5P4Uq3yNBmRk3YGJWvyY6fJVTif6SKz78/OYyj0=", "4-Path": "/", "5-Expiry": "2023-11-05 17:41:30", "6-Last Access": "2023-11-05 17:11:30", "7-Creation Time": "2023-11-05 17:11:30", "8-Secure": "Yes", "9-HttpOnly": "Yes"}, {"1-Host": ".pastebin.com", "2-Name": "__gads", "3-Value": "ID=6f6a6f3045e6441f:T=1699184491:RT=1699184491:S=ALNI_MbLGDW1v_ReXSKKOcTGiUZoHB3CtA", "4-Path": "/", "5-Expiry": "2024-11-29 17:11:31", "6-Last Access": "2023-11-05 17:11:31", "7-Creation Time": "2023-11-05 17:11:31", "8-Secure": "No", "9-HttpOnly": "No"}, {"1-Host": ".pastebin.com", "2-Name": "__gpi", "3-Value": "UID=00000c804b745771:T=1699184491:RT=1699184491:S=ALNI_MZP4kyxYW1Atin9EM0dc28iNMnO6g", "4-Path": "/", "5-Expiry": "2024-11-29 17:11:31", "6-Last Access": "2023-11-05 17:11:31", "7-Creation Time": "2023-11-05 17:11:31", "8-Secure": "No", "9-HttpOnly": "No"}, {"1-Host": ".pastebin.com", "2-Name": "sharedid", "3-Value": "585f1b00-5023-4761-985b-fe349a7083f6", "4-Path": "/", "5-Expiry": "2023-12-03 17:11:34", "6-Last Access": "2023-11-05 17:11:34", "7-Creation Time": "2023-11-05 17:11:29", "8-Secure": "No", "9-HttpOnly": "No"}, {"1-Host": ".pastebin.com", "2-Name": "sharedid_cst", "3-Value": "zix7LPQsHA%3D%3D", "4-Path": "/", "5-Expiry": "2023-12-03 17:11:34", "6-Last Access": "2023-11-05 17:11:34", "7-Creation Time": "2023-11-05 17:11:29", "8-Secure": "No", "9-HttpOnly": "No"}, {"1-Host": ".smaato.net", "2-Name": "SCM", "3-Value": "b74b212d7e", "4-Path": "/", "5-Expiry": "2023-11-26 17:11:34", "6-Last Access": "2023-11-05 17:11:34", "7-Creation Time": "2023-11-05 17:11:34", "8-Secure": "Yes", "9-HttpOnly": "No"}, {"1-Host": ".smaato.net", "2-Name": "SCMp", "3-Value": "b74b212d7e", "4-Path": "/", "5-Expiry": "2023-11-26 17:11:34", "6-Last Access": "2023-11-05 17:11:34", "7-Creation Time": "2023-11-05 17:11:34", "8-Secure": "Yes", "9-HttpOnly": "No"}, {"1-Host": ".disqus.com", "2-Name": "zeta-ssp-user-id", "3-Value": "ua-6edb0450-9e3a-3c19-b134-a3ca9e38778a", "4-Path": "/", "5-Expiry": "2024-11-04 17:11:35", "6-Last Access": "2023-11-05 17:11:35", "7-Creation Time": "2023-11-05 17:11:35", "8-Secure": "Yes", "9-HttpOnly": "No"}, {"1-Host": ".yellowblue.io", "2-Name": "wrvUserID", "3-Value": "CnQ6E8azCp_s", "4-Path": "/", "5-Expiry": "2023-12-05 17:11:36", "6-Last Access": "2023-11-05 17:11:36", "7-Creation Time": "2023-11-05 17:11:36", "8-Secure": "Yes", "9-HttpOnly": "Yes"}, {"1-Host": ".admanmedia.com", "2-Name": "admtr", "3-Value": "89d54e54-77f3-493f-8854-e10a82c5322b", "4-Path": "/", "5-Expiry": "2023-11-12 17:11:37", "6-Last Access": "2023-11-05 17:11:37", "7-Creation Time": "2023-11-05 17:11:37", "8-Secure": "Yes", "9-HttpOnly": "No"}, {"1-Host": ".admanmedia.com", "2-Name": "ac_r", "3-Value": "CS168", "4-Path": "/", "5-Expiry": "2023-11-12 17:11:37", "6-Last Access": "2023-11-05 17:11:37", "7-Creation Time": "2023-11-05 17:11:37", "8-Secure": "Yes", "9-HttpOnly": "No"}, {"1-Host": ".quantumdex.io", "2-Name": "uid", "3-Value": "8f973da3-aec8-4c75-8e18-9ae6330c5bd8", "4-Path": "/", "5-Expiry": "2023-12-05 17:11:59", "6-Last Access": "2023-11-05 17:11:59", "7-Creation Time": "2023-11-05 17:11:30", "8-Secure": "Yes", "9-HttpOnly": "No"}, {"1-Host": ".google.com", "2-Name": "AEC", "3-Value": "Ackid1QEnjHv2CuDPQdPoAi9WDR2ntSefKrJUzudT1N0E_8PkfoncToffQ", "4-Path": "/", "5-Expiry": "2024-05-03 17:12:09", "6-Last Access": "2023-11-05 17:16:49", "7-Creation Time": "2023-11-05 17:12:09", "8-Secure": "Yes", "9-HttpOnly": "Yes"}, {"1-Host": ".youtube.com", "2-Name": "VISITOR_INFO1_LIVE", "3-Value": "Va57u_fy1no", "4-Path": "/", "5-Expiry": "2024-05-03 17:12:12", "6-Last Access": "2023-11-05 17:17:46", "7-Creation Time": "2023-11-05 17:12:13", "8-Secure": "Yes", "9-HttpOnly": "Yes"}, {"1-Host": ".google.com", "2-Name": "ANID", "3-Value": "AHWqTUlbbi0u_Yn-MhTlo6QzH7EvA4foFPRxuFB9iltCfLnIiuXJpomx9ziQFW73", "4-Path": "/", "5-Expiry": "2025-11-04 17:12:15", "6-Last Access": "2023-11-05 17:16:49", "7-Creation Time": "2023-11-05 17:12:15", "8-Secure": "Yes", "9-HttpOnly": "Yes"}, {"1-Host": "ogs.google.com", "2-Name": "OTZ", "3-Value": "7281344_88_88_104280_84_446940", "4-Path": "/", "5-Expiry": "2023-12-05 17:13:47", "6-Last Access": "2023-11-05 17:13:47", "7-Creation Time": "2023-11-05 17:13:47", "8-Secure": "Yes", "9-HttpOnly": "No"}, {"1-Host": ".google.com", "2-Name": "NID", "3-Value": "511=XAi6d9bxDWTG9MEAn06TeDZYozG7uxC8uub80WGlGPw-k4vOlON6uk5XKgH3gAoYQONZPnH6jgZu1J8xY6Dq3rYTabEvW8s6Pe6yYw1Ik9RHq0qkk2hLL-9YWar0qgm67vW32UkRTvTDC_dKStIgz-lIY09d5ECNMOmvFwvZpRwbCa21QU5iczgvXQ", "4-Path": "/", "5-Expiry": "2024-05-06 17:16:59", "6-Last Access": "2023-11-05 17:16:59", "7-Creation Time": "2023-11-05 17:12:09", "8-Secure": "Yes", "9-HttpOnly": "Yes"}, {"1-Host": ".google.com", "2-Name": "SNID", "3-Value": "ANa1diZeNPSrrAzWn_0UAIDHSXOK3cDl7He2ISomnz2XmvEem0L5-Me5OBjxpZlWbbkmYgf9u3CKOYJPrI-V9vT2jDyYlToHhQ", "4-Path": "/verify", "5-Expiry": "2024-05-06 17:12:09", "6-Last Access": "2023-11-05 17:16:59", "7-Creation Time": "2023-11-05 17:16:59", "8-Secure": "Yes", "9-HttpOnly": "Yes"}, {"1-Host": "www.google.com", "2-Name": "DV", "3-Value": "YykltpJxmYYo8M_bUqimj4iV3ev0udhh6_XJcm-gWwEAAAA", "4-Path": "/", "5-Expiry": "2023-11-05 17:27:00", "6-Last Access": "2023-11-05 17:17:00", "7-Creation Time": "2023-11-05 17:17:00", "8-Secure": "No", "9-HttpOnly": "No"}, {"1-Host": ".google.com", "2-Name": "1P_JAR", "3-Value": "2023-11-05-11", "4-Path": "/", "5-Expiry": "2023-12-05 17:17:00", "6-Last Access": "2023-11-05 17:17:00", "7-Creation Time": "2023-11-05 17:12:09", "8-Secure": "Yes", "9-HttpOnly": "No"}, {"1-Host": ".gchq.github.io", "2-Name": "_ga", "3-Value": "GA1.1.670564748.1699184824", "4-Path": "/", "5-Expiry": "2025-11-04 17:17:04", "6-Last Access": "2023-11-05 17:17:04", "7-Creation Time": "2023-11-05 17:17:04", "8-Secure": "No", "9-HttpOnly": "No"}, {"1-Host": ".pastebin.com", "2-Name": "_ga_S72LBY47R8", "3-Value": "GS1.1.1699184489.1.1.1699184866.0.0.0", "4-Path": "/", "5-Expiry": "2025-11-04 17:17:46", "6-Last Access": "2023-11-05 17:17:46", "7-Creation Time": "2023-11-05 17:11:29", "8-Secure": "No", "9-HttpOnly": "No"}, {"1-Host": ".gchq.github.io", "2-Name": "_ga_G9R4C1H8SR", "3-Value": "GS1.1.1699184823.1.1.1699184866.0.0.0", "4-Path": "/", "5-Expiry": "2025-11-04 17:17:46", "6-Last Access": "2023-11-05 17:17:46", "7-Creation Time": "2023-11-05 17:17:04", "8-Secure": "No", "9-HttpOnly": "No"}]}