{"/home/aditya/HQ8_Challenges/Challenge_5_MarkingOnTheBook/.mozilla/firefox/p80q4so2.default-release/places.sqlite": [{"0-Last Access": null, "1-Title": null, "2-URL": "https://support.mozilla.org/products/firefox", "3-Frequency": 0}, {"0-Last Access": null, "1-Title": null, "2-URL": "https://support.mozilla.org/kb/customize-firefox-controls-buttons-and-toolbars?utm_source=firefox-browser&utm_medium=default-bookmarks&utm_campaign=customize", "3-Frequency": 0}, {"0-Last Access": null, "1-Title": null, "2-URL": "https://www.mozilla.org/contribute/", "3-Frequency": 0}, {"0-Last Access": null, "1-Title": null, "2-URL": "https://www.mozilla.org/about/", "3-Frequency": 0}, {"0-Last Access": null, "1-Title": null, "2-URL": "http://www.ubuntu.com/", "3-Frequency": 0}, {"0-Last Access": null, "1-Title": null, "2-URL": "http://wiki.ubuntu.com/", "3-Frequency": 0}, {"0-Last Access": null, "1-Title": null, "2-URL": "https://answers.launchpad.net/ubuntu/+addquestion", "3-Frequency": 0}, {"0-Last Access": null, "1-Title": null, "2-URL": "http://www.debian.org/", "3-Frequency": 0}, {"0-Last Access": null, "1-Title": null, "2-URL": "https://www.mozilla.org/firefox/?utm_medium=firefox-desktop&utm_source=bookmarks-toolbar&utm_campaign=new-users&utm_content=-global", "3-Frequency": 0}, {"0-Last Access": "2023-11-05 17:07:53", "1-Title": null, "2-URL": "https://www.mozilla.org/privacy/firefox/", "3-Frequency": 1}, {"0-Last Access": "2023-11-05 17:07:53", "1-Title": "Firefox Privacy Notice \u2014 Mozilla", "2-URL": "https://www.mozilla.org/en-US/privacy/firefox/", "3-Frequency": 1}, {"0-Last Access": "2023-11-05 17:08:37", "1-Title": "Wikipedia", "2-URL": "https://www.wikipedia.org/", "3-Frequency": 1}, {"0-Last Access": "2023-11-05 17:10:15", "1-Title": "YouTube", "2-URL": "https://www.youtube.com/", "3-Frequency": 1}, {"0-Last Access": "2023-11-05 17:10:27", "1-Title": "never gonna give you up - YouTube", "2-URL": "https://www.youtube.com/results?search_query=never+gonna+give+you+up", "3-Frequency": 1}, {"0-Last Access": "2023-11-05 17:11:28", "1-Title": "HQ8 Flag - Pastebin.com", "2-URL": "https://pastebin.com/fzM4cMPW", "3-Frequency": 1}, {"0-Last Access": "2023-11-05 17:12:09", "1-Title": "hackquest 8 - Google Search", "2-URL": "https://www.google.com/search?channel=fs&client=ubuntu&q=hackquest+8", "3-Frequency": 1}, {"0-Last Access": "2023-11-05 17:16:59", "1-Title": "cyberchef - Google Search", "2-URL": "https://www.google.com/search?channel=fs&client=ubuntu&q=cyberchef", "3-Frequency": 1}, {"0-Last Access": "2023-11-05 17:17:01", "1-Title": null, "2-URL": "https://www.google.com/url?sa=t&rct=j&q=&esrc=s&source=web&cd=&ved=2ahUKEwi828Xc5KyCAxVs1jgGHZyRBQQQFnoECAgQAQ&url=https%3A%2F%2Fgchq.github.io%2FCyberChef%2F&usg=AOvVaw3cJhXGWs_4gKkmjmhQLSNC&opi=89978449", "3-Frequency": 1}, {"0-Last Access": "2023-11-05 17:17:02", "1-Title": "CyberChef", "2-URL": "https://gchq.github.io/CyberChef/", "3-Frequency": 1}, {"0-Last Access": "2023-11-05 17:17:06", "1-Title": "CyberChef", "2-URL": "https://gchq.github.io/CyberChef/#input=SA", "3-Frequency": 1}, {"0-Last Access": "2023-11-05 17:17:06", "1-Title": "CyberChef", "2-URL": "https://gchq.github.io/CyberChef/#input=SFE", "3-Frequency": 1}, {"0-Last Access": "2023-11-05 17:17:07", "1-Title": "CyberChef", "2-URL": "https://gchq.github.io/CyberChef/#input=SFE4", "3-Frequency": 1}, {"0-Last Access": "2023-11-05 17:17:08", "1-Title": "CyberChef", "2-URL": "https://gchq.github.io/CyberChef/#input=SFE4ew", "3-Frequency": 1}, {"0-Last Access": "2023-11-05 17:17:08", "1-Title": "CyberChef", "2-URL": "https://gchq.github.io/CyberChef/#input=SFE4ey0", "3-Frequency": 1}, {"0-Last Access": "2023-11-05 17:17:08", "1-Title": "CyberChef", "2-URL": "https://gchq.github.io/CyberChef/#input=SFE4ey0t", "3-Frequency": 1}, {"0-Last Access": "2023-11-05 17:17:08", "1-Title": "CyberChef", "2-URL": "https://gchq.github.io/CyberChef/#input=SFE4ey0tLQ", "3-Frequency": 1}, {"0-Last Access": "2023-11-05 17:17:09", "1-Title": "CyberChef", "2-URL": "https://gchq.github.io/CyberChef/#input=SFE4ey0tLS0", "3-Frequency": 1}, {"0-Last Access": "2023-11-05 17:17:09", "1-Title": "CyberChef", "2-URL": "https://gchq.github.io/CyberChef/#input=SFE4ey0tLS0t", "3-Frequency": 1}, {"0-Last Access": "2023-11-05 17:17:09", "1-Title": "CyberChef", "2-URL": "https://gchq.github.io/CyberChef/#input=SFE4ey0tLS0tLQ", "3-Frequency": 1}, {"0-Last Access": "2023-11-05 17:17:09", "1-Title": "CyberChef", "2-URL": "https://gchq.github.io/CyberChef/#input=SFE4ey0tLS0tLS0", "3-Frequency": 1}, {"0-Last Access": "2023-11-05 17:17:10", "1-Title": "CyberChef", "2-URL": "https://gchq.github.io/CyberChef/#input=SFE4ey0tLS0tLS1M", "3-Frequency": 1}, {"0-Last Access": "2023-11-05 17:17:10", "1-Title": "CyberChef", "2-URL": "https://gchq.github.io/CyberChef/#input=SFE4ey0tLS0tLS1Mbw", "3-Frequency": 1}, {"0-Last Access": "2023-11-05 17:17:10", "1-Title": "CyberChef", "2-URL": "https://gchq.github.io/CyberChef/#input=SFE4ey0tLS0tLS1Mb0w", "3-Frequency": 1}, {"0-Last Access": "2023-11-05 17:17:11", "1-Title": "CyberChef", "2-URL": "https://gchq.github.io/CyberChef/#input=SFE4ey0tLS0tLS1Mb0xO", "3-Frequency": 1}, {"0-Last Access": "2023-11-05 17:17:11", "1-Title": "CyberChef", "2-URL": "https://gchq.github.io/CyberChef/#input=SFE4ey0tLS0tLS1Mb0xObw", "3-Frequency": 1}, {"0-Last Access": "2023-11-05 17:17:12", "1-Title": "CyberChef", "2-URL": "https://gchq.github.io/CyberChef/#input=SFE4ey0tLS0tLS1Mb0xOb18", "3-Frequency": 1}, {"0-Last Access": "2023-11-05 17:17:12", "1-Title": "CyberChef", "2-URL": "https://gchq.github.io/CyberChef/#input=SFE4ey0tLS0tLS1Mb0xOb19I", "3-Frequency": 1}, {"0-Last Access": "2023-11-05 17:17:12", "1-Title": "CyberChef", "2-URL": "https://gchq.github.io/CyberChef/#input=SFE4ey0tLS0tLS1Mb0xOb19IYQ", "3-Frequency": 1}, {"0-Last Access": "2023-11-05 17:17:12", "1-Title": "CyberChef", "2-URL": "https://gchq.github.io/CyberChef/#input=SFE4ey0tLS0tLS1Mb0xOb19IYWg", "3-Frequency": 1}, {"0-Last Access": "2023-11-05 17:17:12", "1-Title": "CyberChef", "2-URL": "https://gchq.github.io/CyberChef/#input=SFE4ey0tLS0tLS1Mb0xOb19IYWhh", "3-Frequency": 1}, {"0-Last Access": "2023-11-05 17:17:12", "1-Title": "CyberChef", "2-URL": "https://gchq.github.io/CyberChef/#input=SFE4ey0tLS0tLS1Mb0xOb19IYWhhaA", "3-Frequency": 1}, {"0-Last Access": "2023-11-05 17:17:14", "1-Title": "CyberChef", "2-URL": "https://gchq.github.io/CyberChef/#input=SFE4ey0tLS0tLS1Mb0xOb19IYWhhaGF9", "3-Frequency": 1}, {"0-Last Access": "2023-11-05 17:17:15", "1-Title": "CyberChef", "2-URL": "https://gchq.github.io/CyberChef/#input=SFE4ey0tLS0tLS1Mb0xOb19IYWhhaGE", "3-Frequency": 2}, {"0-Last Access": "2023-11-05 17:17:18", "1-Title": "CyberChef", "2-URL": "https://gchq.github.io/CyberChef/#input=SFE4LS0tLS0tLUxvTE5vX0hhaGFoYQ", "3-Frequency": 1}, {"0-Last Access": "2023-11-05 17:17:22", "1-Title": "CyberChef", "2-URL": "https://gchq.github.io/CyberChef/#input=SFE4IC0tLS0tLS1Mb0xOb19IYWhhaGEgLiBEb250IEdyZWFw", "3-Frequency": 1}, {"0-Last Access": "2023-11-05 17:17:25", "1-Title": "CyberChef", "2-URL": "https://gchq.github.io/CyberChef/#input=SFE4IC0tLS0tLS1Mb0xOb19IYWhhaGEgLiBEb250IEdy", "3-Frequency": 2}, {"0-Last Access": "2023-11-05 17:17:25", "1-Title": "CyberChef", "2-URL": "https://gchq.github.io/CyberChef/#input=SFE4IC0tLS0tLS1Mb0xOb19IYWhhaGEgLiBEb250IEdyZQ", "3-Frequency": 2}, {"0-Last Access": "2023-11-05 17:17:25", "1-Title": "CyberChef", "2-URL": "https://gchq.github.io/CyberChef/#input=SFE4IC0tLS0tLS1Mb0xOb19IYWhhaGEgLiBEb250IEdyZWE", "3-Frequency": 2}, {"0-Last Access": "2023-11-05 17:17:26", "1-Title": "CyberChef", "2-URL": "https://gchq.github.io/CyberChef/#input=SFE4IC0tLS0tLS1Mb0xOb19IYWhhaGEgLiBEb250IEc", "3-Frequency": 2}, {"0-Last Access": "2023-11-05 17:17:27", "1-Title": "CyberChef", "2-URL": "https://gchq.github.io/CyberChef/#input=SFE4IC0tLS0tLS1Mb0xOb19IYWhhaGEgLiBEb24", "3-Frequency": 2}, {"0-Last Access": "2023-11-05 17:17:27", "1-Title": "CyberChef", "2-URL": "https://gchq.github.io/CyberChef/#input=SFE4IC0tLS0tLS1Mb0xOb19IYWhhaGEgLiBEb250", "3-Frequency": 2}, {"0-Last Access": "2023-11-05 17:17:27", "1-Title": "CyberChef", "2-URL": "https://gchq.github.io/CyberChef/#input=SFE4IC0tLS0tLS1Mb0xOb19IYWhhaGEgLiBEb250IA", "3-Frequency": 2}, {"0-Last Access": "2023-11-05 17:17:28", "1-Title": "CyberChef", "2-URL": "https://gchq.github.io/CyberChef/#input=SFE4IC0tLS0tLS1Mb0xOb19IYWhhaGEg", "3-Frequency": 2}, {"0-Last Access": "2023-11-05 17:17:28", "1-Title": "CyberChef", "2-URL": "https://gchq.github.io/CyberChef/#input=SFE4IC0tLS0tLS1Mb0xOb19IYWhhaGEgLg", "3-Frequency": 2}, {"0-Last Access": "2023-11-05 17:17:28", "1-Title": "CyberChef", "2-URL": "https://gchq.github.io/CyberChef/#input=SFE4IC0tLS0tLS1Mb0xOb19IYWhhaGEgLiA", "3-Frequency": 2}, {"0-Last Access": "2023-11-05 17:17:28", "1-Title": "CyberChef", "2-URL": "https://gchq.github.io/CyberChef/#input=SFE4IC0tLS0tLS1Mb0xOb19IYWhhaGEgLiBE", "3-Frequency": 2}, {"0-Last Access": "2023-11-05 17:17:28", "1-Title": "CyberChef", "2-URL": "https://gchq.github.io/CyberChef/#input=SFE4IC0tLS0tLS1Mb0xOb19IYWhhaGEgLiBEbw", "3-Frequency": 2}, {"0-Last Access": "2023-11-05 17:17:29", "1-Title": "CyberChef", "2-URL": "https://gchq.github.io/CyberChef/#input=SFE4IC0tLS0tLS1Mb0xOb19IYWhhaGE", "3-Frequency": 2}]}