{"/home/aditya/HQ8_Challenges/Challenge_5_MarkingOnTheBook/.mozilla/firefox/p80q4so2.default-release/SiteSecurityServiceState.txt": [{"0-Site": "www.youtube.com^partitionKey=%28http%2Cyoutube.com%29", "1-Type": "HSTS", "2-Access-Score": "0", "3-Last-Access": "2023-11-04 00:00:00", "4-Expiry-Date": "2024-11-04 17:10:15", "5-Security-Property-State": "1 - Enabled", "6-Include-Subdomains": "No"}, {"0-Site": "classify-client.services.mozilla.com", "1-Type": "HSTS", "2-Access-Score": "0", "3-Last-Access": "2023-11-04 00:00:00", "4-Expiry-Date": "2024-11-04 17:07:56", "5-Security-Property-State": "1 - Enabled", "6-Include-Subdomains": "No"}, {"0-Site": "firefox.settings.services.mozilla.com", "1-Type": "HSTS", "2-Access-Score": "0", "3-Last-Access": "2023-11-04 00:00:00", "4-Expiry-Date": "2024-11-04 17:07:53", "5-Security-Property-State": "1 - Enabled", "6-Include-Subdomains": "No"}, {"0-Site": "youtube.com^partitionKey=%28http%2Cyoutube.com%29", "1-Type": "HSTS", "2-Access-Score": "0", "3-Last-Access": "2023-11-04 00:00:00", "4-Expiry-Date": "2024-11-04 17:10:25", "5-Security-Property-State": "1 - Enabled", "6-Include-Subdomains": "Yes"}, {"0-Site": "incoming.telemetry.mozilla.org", "1-Type": "HSTS", "2-Access-Score": "0", "3-Last-Access": "2023-11-04 00:00:00", "4-Expiry-Date": "2024-11-04 17:07:54", "5-Security-Property-State": "1 - Enabled", "6-Include-Subdomains": "No"}, {"0-Site": "aus5.mozilla.org", "1-Type": "HSTS", "2-Access-Score": "0", "3-Last-Access": "2023-11-04 00:00:00", "4-Expiry-Date": "2024-11-04 17:08:13", "5-Security-Property-State": "1 - Enabled", "6-Include-Subdomains": "No"}, {"0-Site": "contile.services.mozilla.com", "1-Type": "HSTS", "2-Access-Score": "0", "3-Last-Access": "2023-11-04 00:00:00", "4-Expiry-Date": "2024-11-04 17:07:53", "5-Security-Property-State": "1 - Enabled", "6-Include-Subdomains": "No"}, {"0-Site": "www.google.com^partitionKey=%28http%2Cgoogle.com%29", "1-Type": "HSTS", "2-Access-Score": "0", "3-Last-Access": "2023-11-04 00:00:00", "4-Expiry-Date": "2024-11-04 17:12:09", "5-Security-Property-State": "1 - Enabled", "6-Include-Subdomains": "No"}, {"0-Site": "location.services.mozilla.com", "1-Type": "HSTS", "2-Access-Score": "0", "3-Last-Access": "2023-11-04 00:00:00", "4-Expiry-Date": "2024-11-04 17:07:53", "5-Security-Property-State": "1 - Enabled", "6-Include-Subdomains": "Yes"}, {"0-Site": "shavar.services.mozilla.com^firstPartyDomain=safebrowsing.86868755-6b82-4842-b301-72671a0db32e.mozilla", "1-Type": "HSTS", "2-Access-Score": "0", "3-Last-Access": "2023-11-04 00:00:00", "4-Expiry-Date": "2024-11-04 17:07:56", "5-Security-Property-State": "1 - Enabled", "6-Include-Subdomains": "Yes"}, {"0-Site": "www.mozilla.org^partitionKey=%28http%2Cmozilla.org%29", "1-Type": "HSTS", "2-Access-Score": "0", "3-Last-Access": "2023-11-04 00:00:00", "4-Expiry-Date": "2024-11-04 17:07:53", "5-Security-Property-State": "1 - Enabled", "6-Include-Subdomains": "No"}, {"0-Site": "www.wikipedia.org^partitionKey=%28http%2Cwikipedia.org%29", "1-Type": "HSTS", "2-Access-Score": "0", "3-Last-Access": "2023-11-04 00:00:00", "4-Expiry-Date": "2027-03-21 00:27:07", "5-Security-Property-State": "1 - Enabled", "6-Include-Subdomains": "Yes"}, {"0-Site": "ogs.google.com^partitionKey=%28http%2Cgoogle.com%29", "1-Type": "HSTS", "2-Access-Score": "0", "3-Last-Access": "2023-11-04 00:00:00", "4-Expiry-Date": "2024-11-04 17:13:47", "5-Security-Property-State": "1 - Enabled", "6-Include-Subdomains": "No"}, {"0-Site": "www.google.com^firstPartyDomain=google-canonical.search.suggestions.mozilla", "1-Type": "HSTS", "2-Access-Score": "0", "3-Last-Access": "2023-11-04 00:00:00", "4-Expiry-Date": "2024-11-04 17:08:48", "5-Security-Property-State": "1 - Enabled", "6-Include-Subdomains": "No"}, {"0-Site": "normandy.cdn.mozilla.net", "1-Type": "HSTS", "2-Access-Score": "0", "3-Last-Access": "2023-11-04 00:00:00", "4-Expiry-Date": "2024-11-04 17:07:55", "5-Security-Property-State": "1 - Enabled", "6-Include-Subdomains": "No"}]}