{"/home/aditya/HQ8_Challenges/Challenge_5_MarkingOnTheBook/.mozilla/firefox/p80q4so2.default-release/permissions.sqlite": [{"0-Host": "about:welcome", "1-Type": "storageAccessAPI", "2-Permission": "1 (allow)", "3-Expire Time": "2023-12-20 17:08:26"}, {"0-Host": "about:newtab", "1-Type": "storageAccessAPI", "2-Permission": "1 (allow)", "3-Expire Time": "2023-12-20 17:10:14"}, {"0-Host": "https://youtube.com", "1-Type": "highValueCOOP", "2-Permission": "1 (allow)", "3-Expire Time": "2023-12-05 17:10:15"}, {"0-Host": "https://www.youtube.com", "1-Type": "storageAccessAPI", "2-Permission": "1 (allow)", "3-Expire Time": "2023-12-20 17:10:19"}, {"0-Host": "https://google.com", "1-Type": "highValueCOOP", "2-Permission": "1 (allow)", "3-Expire Time": "2023-12-05 17:16:59"}, {"0-Host": "https://www.google.com", "1-Type": "storageAccessAPI", "2-Permission": "1 (allow)", "3-Expire Time": "2023-12-20 17:17:01"}, {"0-Host": "https://gchq.github.io", "1-Type": "storageAccessAPI", "2-Permission": "1 (allow)", "3-Expire Time": "2023-12-20 17:17:05"}]}