{"/home/aditya/HQ8_Challenges/Challenge_5_MarkingOnTheBook/.mozilla/firefox/p80q4so2.default-release/prefs.js": [{"000000-Accessibility Cache Enabled": "true"}, {"000001-App Normandy First run": "false"}, {"000002-App Normandy Migrationsapplied": "12"}, {"000003-App Normandy User id": "92288080-36e6-4365-b1a8-4e0fd980396c"}, {"000004-App Update Lastupdatetime Addon-background-update-timer": "0"}, {"000005-App Update Lastupdatetime Browser-cleanup-thumbnails": "2023-11-05 17:08:22"}, {"000006-App Update Lastupdatetime Recipe-client-addon-run": "2023-11-05 17:14:22"}, {"000007-App Update Lastupdatetime Region-update-timer": "0"}, {"000008-App Update Lastupdatetime Rs-experiment-loader-timer": "2023-11-05 17:12:22"}, {"000009-App Update Lastupdatetime Search-engine-update-timer": "2023-11-05 17:10:22"}, {"000010-App Update Lastupdatetime Services-settings-poll-changes": "2023-11-05 17:16:22"}, {"000011-App Update Lastupdatetime Telemetry modules ping": "2023-11-05 17:08:51"}, {"000012-App Update Lastupdatetime Xpi-signature-verification": "0"}, {"000013-Browser Bookmarks Addedimportbutton": "true"}, {"000014-Browser Bookmarks Editdialog Confirmationhintshowcount": "2"}, {"000015-Browser Bookmarks Restore default bookmarks": "false"}, {"000016-Browser Contentblocking Category": "standard"}, {"000017-Browser Contextual-services Contextid": "{ff82c5b5-6d6c-4a10-bc82-f5f4be71dd4d}"}, {"000018-Browser Download Viewableinternally Typewasregistered Avif": "true"}, {"000019-Browser Download Viewableinternally Typewasregistered Webp": "true"}, {"000020-Browser Laterrun Bookkeeping Profilecreationtime": "2023-11-05 17:07:51"}, {"000021-Browser Laterrun Bookkeeping Sessioncount": "1"}, {"000022-Browser Laterrun Enabled": "true"}, {"000023-Browser Migration Version": "136"}, {"000024-Browser Newtabpage Activity-stream Discoverystream Rec Impressions": "{\\1738363106106660\\:1699184313944,\\1055098302026736\\:1699184313946,\\209047740624583\\:1699184313957}"}, {"000025-Browser Newtabpage Activity-stream Impressionid": "{f741db57-d62e-425d-bb07-06b5b59fdbe6}"}, {"000026-Browser Newtabpage Storageversion": "1"}, {"000027-Browser Pageactions Persistedactions": "{\\ids\\:[\\bookmark\\],\\idsInUrlbar\\:[\\bookmark\\],\\idsInUrlbarPreProton\\:[],\\version\\:1}"}, {"000028-Browser Pagethumbnails Storage version": "3"}, {"000029-Browser Proton Toolbar Version": "3"}, {"000030-Browser Region Update Updated": "1699184274"}, {"000031-Browser Safebrowsing Provider Google4 Lastupdatetime": "1699184321252"}, {"000032-Browser Safebrowsing Provider Google4 Nextupdatetime": "1699186112252"}, {"000033-Browser Safebrowsing Provider Mozilla Lastupdatetime": "1699184278598"}, {"000034-Browser Safebrowsing Provider Mozilla Nextupdatetime": "1699205878598"}, {"000035-Browser Search Region": "IN"}, {"000036-Browser Shell Mostrecentdatesetasdefault": "1699184275"}, {"000037-Browser Startup Couldrestoresession Count": "1"}, {"000038-Browser Startup Homepage override Buildid": "20230309232128"}, {"000039-Browser Startup Homepage override Mstone": "111.0"}, {"000040-Browser Startup Lastcoldstartupcheck": "2023-11-05 17:07:53"}, {"000041-Browser Uicustomization State": "{\\placements\\:{\\widget-overflow-fixed-list\\:[],\\unified-extensions-area\\:[],\\nav-bar\\:[\\back-button\\,\\forward-button\\,\\stop-reload-button\\,\\customizableui-special-spring1\\,\\urlbar-container\\,\\customizableui-special-spring2\\,\\save-to-pocket-button\\,\\downloads-button\\,\\fxa-toolbar-menu-button\\],\\toolbar-menubar\\:[\\menubar-items\\],\\TabsToolbar\\:[\\firefox-view-button\\,\\tabbrowser-tabs\\,\\new-tab-button\\,\\alltabs-button\\],\\PersonalToolbar\\:[\\import-button\\,\\personal-bookmarks\\]},\\seen\\:[\\save-to-pocket-button\\,\\developer-button\\],\\dirtyAreaCache\\:[\\nav-bar\\,\\PersonalToolbar\\],\\currentVersion\\:19,\\newElementCount\\:2}"}, {"000042-Browser Urlbar Placeholdername": "Google"}, {"000043-Browser Urlbar Quicksuggest Migrationversion": "2"}, {"000044-Browser Urlbar Quicksuggest Scenario": "history"}, {"000045-Datareporting Policy Datasubmissionpolicyacceptedversion": "2"}, {"000046-Datareporting Policy Datasubmissionpolicynotifiedtime": "1699184274440"}, {"000047-Distribution Canonical Bookmarksprocessed": "true"}, {"000048-Distribution Inifile Exists Appversion": "111.0"}, {"000049-Distribution Inifile Exists Value": "true"}, {"000050-Doh-rollout Donefirstrun": "true"}, {"000051-Doh-rollout Home-region": "IN"}, {"000052-Dom Forms Autocomplete Formautofill": "true"}, {"000053-Dom Push Useragentid": "8c4ae48740244deea297701ebde280ba"}, {"000054-Extensions Activethemeid": "default-theme@mozilla.org"}, {"000055-Extensions Blocklist Pingcountversion": "0"}, {"000056-Extensions Databaseschema": "35"}, {"000057-Extensions Getaddons Databaseschema": "6"}, {"000058-Extensions Lastappbuildid": "20230309232128"}, {"000059-Extensions Lastappversion": "111.0"}, {"000060-Extensions Lastplatformversion": "111.0"}, {"000061-Extensions Pendingoperations": "false"}, {"000062-Extensions Pictureinpicture Enable picture in picture overrides": "true"}, {"000063-Extensions Systemaddonset": "{\\schema\\:1,\\addons\\:{}}"}, {"000064-Extensions Webcompat Enable shims": "true"}, {"000065-Extensions Webcompat Perform injections": "true"}, {"000066-Extensions Webcompat Perform ua overrides": "true"}, {"000067-Extensions Webextensions Extensionstorageidb Migrated Screenshots@mozilla Org": "true"}, {"000068-Extensions Webextensions Uuids": "{\\formautofill@mozilla.org\\:\\c1018838-270f-4b20-87d3-822242b345c4\\,\\pictureinpicture@mozilla.org\\:\\719d325f-d0ce-4b8a-a4dc-18795dbb3220\\,\\screenshots@mozilla.org\\:\\a5f4a94b-826e-4ff1-b588-9638ca226efa\\,\\webcompat-reporter@mozilla.org\\:\\87638309-90a4-40e9-a4c0-7e8ce01a90a5\\,\\webcompat@mozilla.org\\:\\af6d97d2-f9d1-47e5-b8f7-95f3a8455c50\\,\\default-theme@mozilla.org\\:\\848b7cd2-770f-45c5-9be2-a81ffcf3e47c\\,\\addons-search-detection@mozilla.com\\:\\d1db49fc-e640-4014-9d3b-6e99e2a3b0e8\\,\\google@search.mozilla.org\\:\\88fe06ad-8187-4c0c-aaf6-22a50a4303c5\\,\\wikipedia@search.mozilla.org\\:\\a4c99633-5533-4262-9b3e-f02c5a304c7e\\,\\bing@search.mozilla.org\\:\\6c130c1f-7052-47d2-b9be-5c7578788df4\\,\\ddg@search.mozilla.org\\:\\4cff7ff2-0abc-4839-880a-5289669d09bd\\}"}, {"000069-Gecko Handlerservice Defaulthandlersversion": "1"}, {"000070-Media Gmp-gmpopenh264 Abi": "x86_64-gcc3"}, {"000071-Media Gmp-gmpopenh264 Lastdownload": "2023-11-05 17:08:14"}, {"000072-Media Gmp-gmpopenh264 Lastinstallstart": "2023-11-05 17:08:13"}, {"000073-Media Gmp-gmpopenh264 Lastupdate": "2023-11-05 17:08:14"}, {"000074-Media Gmp-gmpopenh264 Version": "1.8.1.2"}, {"000075-Media Gmp-manager Buildid": "20230309232128"}, {"000076-Media Gmp-manager Lastcheck": "2023-11-05 17:08:13"}, {"000077-Media Gmp Storage Version Observed": "1"}, {"000078-Nimbus Syncdefaultsstore Accessibilitycache": "{\\slug\\:\\next-generation-accessibility-engine-powering-screen-readers\\,\\branch\\:{\\slug\\:\\treatment-a\\,\\ratio\\:1,\\feature\\:{\\value\\:null,\\enabled\\:true,\\featureId\\:\\accessibilityCache\\},\\features\\:null},\\active\\:true,\\enrollmentId\\:\\0e1bafce-9ce4-497d-a453-28ea655fb600\\,\\experimentType\\:\\rollout\\,\\source\\:\\rs-loader\\,\\userFacingName\\:\\Ne"}, {"000079-Nimbus Syncdefaultsstore Accessibilitycache Enabled": "true"}, {"000080-Nimbus Syncdefaultsstore Upgradedialog": "{\\slug\\:\\upgrade-spotlight-rollout\\,\\branch\\:{\\slug\\:\\treatment\\,\\ratio\\:1,\\feature\\:{\\value\\:null,\\enabled\\:true,\\featureId\\:\\upgradeDialog\\},\\features\\:null},\\active\\:true,\\enrollmentId\\:\\dd1683ce-7502-4d30-a8a1-111250014d55\\,\\experimentType\\:\\rollout\\,\\source\\:\\rs-loader\\,\\userFacingName\\:\\Upgra"}, {"000081-Nimbus Syncdefaultsstore Upgradedialog Enabled": "false"}, {"000082-Pdfjs Enabledcache State": "true"}, {"000083-Pdfjs Migrationversion": "2"}, {"000084-Privacy Sanitize Pending": "[]"}, {"000085-Security Sandbox Content Tempdirsuffix": "4597c8a4-7939-4f88-b229-c143a5728e59"}, {"000086-Services Settings Blocklists Addons-bloomfilters Last check": "2023-11-05 17:16:21"}, {"000087-Services Settings Blocklists Gfx Last check": "2023-11-05 17:16:21"}, {"000088-Services Settings Clock skew seconds": "0"}, {"000089-Services Settings Last etag": "\\1699178234013\\"}, {"000090-Services Settings Last update seconds": "2023-11-05 17:16:21"}, {"000091-Services Settings Main Addons-manager-settings Last check": "2023-11-05 17:16:21"}, {"000092-Services Settings Main Anti-tracking-url-decoration Last check": "2023-11-05 17:16:21"}, {"000093-Services Settings Main Cfr Last check": "2023-11-05 17:16:21"}, {"000094-Services Settings Main Cookie-banner-rules-list Last check": "2023-11-05 17:16:21"}, {"000095-Services Settings Main Devtools-compatibility-browsers Last check": "2023-11-05 17:16:21"}, {"000096-Services Settings Main Devtools-devices Last check": "2023-11-05 17:16:21"}, {"000097-Services Settings Main Doh-config Last check": "2023-11-05 17:16:21"}, {"000098-Services Settings Main Doh-providers Last check": "2023-11-05 17:16:21"}, {"000099-Services Settings Main Fxmonitor-breaches Last check": "2023-11-05 17:16:21"}, {"000100-Services Settings Main Hijack-blocklists Last check": "2023-11-05 17:16:21"}, {"000101-Services Settings Main Language-dictionaries Last check": "2023-11-05 17:16:21"}, {"000102-Services Settings Main Message-groups Last check": "2023-11-05 17:16:21"}, {"000103-Services Settings Main Nimbus-desktop-experiments Last check": "2023-11-05 17:16:21"}, {"000104-Services Settings Main Normandy-recipes-capabilities Last check": "2023-11-05 17:16:21"}, {"000105-Services Settings Main Partitioning-exempt-urls Last check": "2023-11-05 17:16:21"}, {"000106-Services Settings Main Password-recipes Last check": "2023-11-05 17:16:21"}, {"000107-Services Settings Main Password-rules Last check": "2023-11-05 17:16:21"}, {"000108-Services Settings Main Pioneer-study-addons-v1 Last check": "2023-11-05 17:16:21"}, {"000109-Services Settings Main Public-suffix-list Last check": "2023-11-05 17:16:21"}, {"000110-Services Settings Main Query-stripping Last check": "2023-11-05 17:16:21"}, {"000111-Services Settings Main Search-config Last check": "2023-11-05 17:16:21"}, {"000112-Services Settings Main Search-default-override-allowlist Last check": "2023-11-05 17:16:21"}, {"000113-Services Settings Main Search-telemetry-v2 Last check": "2023-11-05 17:16:21"}, {"000114-Services Settings Main Sites-classification Last check": "2023-11-05 17:16:21"}, {"000115-Services Settings Main Tippytop Last check": "2023-11-05 17:16:21"}, {"000116-Services Settings Main Top-sites Last check": "2023-11-05 17:16:21"}, {"000117-Services Settings Main Url-classifier-skip-urls Last check": "2023-11-05 17:16:21"}, {"000118-Services Settings Main Websites-with-shared-credential-backends Last check": "2023-11-05 17:16:21"}, {"000119-Services Settings Main Whats-new-panel Last check": "2023-11-05 17:16:21"}, {"000120-Services Settings Security-state Cert-revocations Last check": "2023-11-05 17:16:21"}, {"000121-Services Settings Security-state Intermediates Last check": "2023-11-05 17:16:21"}, {"000122-Services Settings Security-state Onecrl Last check": "2023-11-05 17:16:21"}, {"000123-Services Sync Engine Addresses Available": "true"}, {"000124-Toolkit Startup Last success": "2023-11-05 17:07:50"}, {"000125-Toolkit Telemetry Cachedclientid": "e72f610f-4621-4d99-bdb4-fb6360dee57f"}, {"000126-Toolkit Telemetry Pioneer-new-studies-available": "true"}, {"000127-Toolkit Telemetry Previousbuildid": "20230309232128"}, {"000128-Toolkit Telemetry Reportingpolicy Firstrun": "false"}, {"000129-Trailhead Firstrun Didseeaboutwelcome": "true"}]}